{
    "avg_prec": {
        "train": 1.0,
        "test": 0.7580370143437305
    },
    "roc_auc": {
        "train": 1.0,
        "test": 0.875578321216127
    },
    "acc_score": {
        "train": 1.0,
        "test": 0.9340329835082459
    },
    "f1": {
        "train": 1.0,
        "test": 0.717948717948718
    },
    "prec_score": {
        "train": 1.0,
        "test": 0.835820895522388
    },
    "rec_score": {
        "train": 1.0,
        "test": 0.6292134831460674
    }
}
