{
    "avg_prec": {
        "train": 1.0,
        "test": 0.7551089903007899
    },
    "roc_auc": {
        "train": 1.0,
        "test": 0.8716807278099608
    },
    "acc_score": {
        "train": 1.0,
        "test": 0.9355322338830585
    },
    "f1": {
        "train": 1.0,
        "test": 0.7261146496815287
    },
    "prec_score": {
        "train": 1.0,
        "test": 0.8382352941176471
    },
    "rec_score": {
        "train": 1.0,
        "test": 0.6404494382022472
    }
}
